start,end
2022-12-31 18:56:00,2023-01-06 22:00:00
2023-02-12 02:41:40,2023-03-03 22:00:00
2023-03-05 16:27:20,2023-03-18 07:00:00
2023-03-20 03:32:40,2023-03-25 13:57:00
2023-04-15 11:26:00,2023-04-26 19:00:00
2023-05-06 20:08:20,2023-05-14 21:00:00
2023-05-16 20:18:20,2023-05-21 13:22:40
2023-05-31 21:04:00,2023-06-06 23:10:00
2023-07-13 17:22:00,2023-07-20 04:00:00
2023-07-22 20:33:00,2023-07-29 11:00:00
2023-08-01 19:01:20,2023-08-07 14:00:00
2023-08-30 02:34:00,2023-09-05 00:00:00
2023-09-09 07:57:20,2023-10-01 23:00:00
2023-10-02 20:25:00,2023-10-08 18:00:00
2023-11-01 13:49:00,2023-11-07 10:12:00
2023-11-09 03:39:40,2023-11-15 23:22:00
2023-11-22 02:30:40,2023-11-27 04:36:00
2023-11-27 21:26:00,2023-12-04 01:38:00
2023-12-14 07:08:20,2023-12-18 20:45:40
2024-01-20 21:00:00,2024-01-29 16:00:00
2024-02-21 14:22:40,2024-02-27 10:16:00
2024-02-29 07:06:00,2024-03-05 23:36:00
2024-03-18 00:02:00,2024-03-27 10:00:00
2024-04-04 23:48:00,2024-04-10 13:54:00
2024-04-16 01:13:20,2024-04-21 05:07:20
2024-04-27 09:46:00,2024-05-06 04:00:00
2024-05-07 10:55:00,2024-05-20 18:00:00
2024-05-26 03:34:00,2024-06-08 21:04:20
2024-06-24 21:08:40,2024-06-29 21:26:40
2024-07-22 18:39:00,2024-08-06 01:25:40
2024-08-07 10:02:00,2024-08-19 00:42:00
2024-08-24 05:30:00,2024-09-07 00:00:00
2024-09-09 00:47:00,2024-09-19 01:55:40
2024-09-22 00:51:20,2024-09-27 00:26:20
2024-10-03 05:08:00,2024-10-15 18:00:00
2024-10-18 20:59:20,2024-11-12 02:51:00
2024-11-21 16:27:40,2024-12-02 06:00:00
